{"cameraMode":{"drawMode":0,"name":"Shaded","section":"Shading Mode"},"sceneLighting":true,"audioPlay":false,"sceneViewState":{"showFog":true,"showMaterialUpdate":false,"showSkybox":true,"showFlares":true,"showImageEffects":true,"showParticleSystems":true},"in2DMode":false,"pivot":{"x":-8.938835144042969,"y":-4.548301696777344,"z":-17.549888610839845},"rotation":{"x":-0.2545240521430969,"y":0.5330773591995239,"z":-0.1721179187297821,"w":-0.7883027195930481},"size":28.600439071655275,"orthographic":false}