{"cameraMode":{"drawMode":0,"name":"Shaded","section":"Shading Mode"},"sceneLighting":true,"audioPlay":false,"sceneViewState":{"showFog":true,"showMaterialUpdate":false,"showSkybox":true,"showFlares":true,"showImageEffects":true,"showParticleSystems":true},"in2DMode":false,"pivot":{"x":-26.310712814331056,"y":8.95564079284668,"z":-73.79161071777344},"rotation":{"x":0.0012465334730222822,"y":0.9980164170265198,"z":-0.020961428061127664,"w":0.05934998020529747},"size":70.43135070800781,"orthographic":false}