{"cameraMode":{"drawMode":0,"name":"Shaded","section":"Shading Mode"},"sceneLighting":false,"audioPlay":false,"sceneViewState":{"showFog":true,"showMaterialUpdate":false,"showSkybox":false,"showFlares":true,"showImageEffects":true,"showParticleSystems":true},"in2DMode":false,"pivot":{"x":0.8125123977661133,"y":0.09399956464767456,"z":-0.4118040204048157},"rotation":{"x":-0.2777625620365143,"y":-0.25706946849823,"z":0.07741480320692063,"w":-0.9223775863647461},"size":2.1204168796539308,"orthographic":true}