{"cameraMode":{"drawMode":0,"name":"Shaded","section":"Shading Mode"},"sceneLighting":false,"audioPlay":false,"sceneViewState":{"showFog":true,"showMaterialUpdate":false,"showSkybox":false,"showFlares":true,"showImageEffects":true,"showParticleSystems":true},"in2DMode":false,"pivot":{"x":-17.821533203125,"y":35.22810745239258,"z":119.28612518310547},"rotation":{"x":-0.24701324105262757,"y":-0.13207243382930757,"z":0.03400624543428421,"w":-0.959372341632843},"size":63.76506423950195,"orthographic":true}