{"cameraMode":{"drawMode":0,"name":"Shaded","section":"Shading Mode"},"sceneLighting":false,"audioPlay":false,"sceneViewState":{"showFog":true,"showMaterialUpdate":false,"showSkybox":false,"showFlares":true,"showImageEffects":true,"showParticleSystems":true},"in2DMode":false,"pivot":{"x":-0.8757896423339844,"y":-0.05587613582611084,"z":-0.24889445304870606},"rotation":{"x":-0.07979162037372589,"y":-0.603173017501831,"z":0.06082602217793465,"w":-0.7912883162498474},"size":1.4431674480438233,"orthographic":true}