{"cameraMode":{"drawMode":0,"name":"Shaded","section":"Shading Mode"},"sceneLighting":false,"audioPlay":false,"sceneViewState":{"showFog":true,"showMaterialUpdate":false,"showSkybox":false,"showFlares":true,"showImageEffects":true,"showParticleSystems":true},"in2DMode":false,"pivot":{"x":13.18232536315918,"y":7.515110492706299,"z":-17.01006317138672},"rotation":{"x":-0.1016940176486969,"y":-0.8126213550567627,"z":0.14913426339626313,"w":-0.5541450381278992},"size":33.122867584228519,"orthographic":true}