{"cameraMode":{"drawMode":0,"name":"Shaded","section":"Shading Mode"},"sceneLighting":false,"audioPlay":false,"sceneViewState":{"showFog":true,"showMaterialUpdate":false,"showSkybox":false,"showFlares":true,"showImageEffects":true,"showParticleSystems":true},"in2DMode":false,"pivot":{"x":0.1357440948486328,"y":1.7835240364074708,"z":5.203492164611816},"rotation":{"x":-0.01592249423265457,"y":0.2620609998703003,"z":-0.00432437052950263,"w":-0.9649115204811096},"size":4.343294143676758,"orthographic":false}