{"cameraMode":{"drawMode":0,"name":"Shaded","section":"Shading Mode"},"sceneLighting":false,"audioPlay":false,"sceneViewState":{"showFog":true,"showMaterialUpdate":false,"showSkybox":false,"showFlares":true,"showImageEffects":true,"showParticleSystems":true},"in2DMode":false,"pivot":{"x":-0.19263309240341187,"y":1.5375206470489503,"z":-0.9350689649581909},"rotation":{"x":-0.2483968883752823,"y":0.4330275356769562,"z":-0.12545627355575562,"w":-0.857361912727356},"size":6.2613043785095219,"orthographic":true}