{"cameraMode":{"drawMode":0,"name":"Shaded","section":"Shading Mode"},"sceneLighting":true,"audioPlay":false,"sceneViewState":{"showFog":true,"showMaterialUpdate":false,"showSkybox":true,"showFlares":true,"showImageEffects":true,"showParticleSystems":true},"in2DMode":false,"pivot":{"x":-49.556243896484378,"y":142.21456909179688,"z":-79.78834533691406},"rotation":{"x":-0.36116427183151247,"y":-0.13250893354415894,"z":0.05193113163113594,"w":-0.9215830564498901},"size":178.4859619140625,"orthographic":true}