{"cameraMode":{"drawMode":0,"name":"Shaded","section":"Shading Mode"},"sceneLighting":true,"audioPlay":false,"sceneViewState":{"showFog":true,"showMaterialUpdate":false,"showSkybox":true,"showFlares":true,"showImageEffects":true,"showParticleSystems":true},"in2DMode":false,"pivot":{"x":-52.426170349121097,"y":50.93916320800781,"z":-106.08226013183594},"rotation":{"x":-0.07389489561319351,"y":-0.8906789422035217,"z":0.15656225383281709,"w":-0.42039233446121218},"size":85.22093963623047,"orthographic":true}