{"cameraMode":{"drawMode":0,"name":"Shaded","section":"Shading Mode"},"sceneLighting":true,"audioPlay":false,"sceneViewState":{"showFog":true,"showMaterialUpdate":false,"showSkybox":true,"showFlares":true,"showImageEffects":true,"showParticleSystems":true},"in2DMode":false,"pivot":{"x":-24.14588737487793,"y":-13.132720947265625,"z":35.75227737426758},"rotation":{"x":-0.1970015913248062,"y":0.3259221613407135,"z":-0.06964576989412308,"w":-0.9220227599143982},"size":28.681806564331056,"orthographic":false}