{"cameraMode":{"drawMode":0,"name":"Shaded","section":"Shading Mode"},"sceneLighting":false,"audioPlay":false,"sceneViewState":{"showFog":true,"showMaterialUpdate":false,"showSkybox":false,"showFlares":true,"showImageEffects":true,"showParticleSystems":true},"in2DMode":false,"pivot":{"x":-33.35881042480469,"y":2.945603370666504,"z":-74.37840270996094},"rotation":{"x":0.0012465334730222822,"y":0.9980164170265198,"z":-0.020961428061127664,"w":0.05934998020529747},"size":51.961524963378909,"orthographic":false}