{"cameraMode":{"drawMode":0,"name":"Shaded","section":"Shading Mode"},"sceneLighting":false,"audioPlay":false,"sceneViewState":{"showFog":true,"showMaterialUpdate":false,"showSkybox":false,"showFlares":true,"showImageEffects":true,"showParticleSystems":true},"in2DMode":false,"pivot":{"x":-1.9060229063034058,"y":2.5429458618164064,"z":0.0916217565536499},"rotation":{"x":0.004758019000291824,"y":0.973829448223114,"z":-0.0204519834369421,"w":0.22637154161930085},"size":2.105109453201294,"orthographic":true}