{"cameraMode":{"drawMode":0,"name":"Shaded","section":"Shading Mode"},"sceneLighting":false,"audioPlay":false,"sceneViewState":{"showFog":true,"showMaterialUpdate":false,"showSkybox":false,"showFlares":true,"showImageEffects":true,"showParticleSystems":true},"in2DMode":false,"pivot":{"x":-21.280519485473634,"y":0.48118722438812258,"z":3.3796186447143556},"rotation":{"x":-0.034962330013513568,"y":0.6488626003265381,"z":-0.029868843033909799,"w":-0.759516716003418},"size":11.628494262695313,"orthographic":false}