{"cameraMode":{"drawMode":0,"name":"Shaded","section":"Shading Mode"},"sceneLighting":false,"audioPlay":false,"sceneViewState":{"showFog":true,"showMaterialUpdate":false,"showSkybox":false,"showFlares":true,"showImageEffects":true,"showParticleSystems":true},"in2DMode":false,"pivot":{"x":-0.6804994344711304,"y":0.6051618456840515,"z":0.130483478307724},"rotation":{"x":-0.06827651709318161,"y":0.8545714616775513,"z":-0.11634278297424317,"w":-0.5015110969543457},"size":1.4660255908966065,"orthographic":false}