{"cameraMode":{"drawMode":0,"name":"Shaded","section":"Shading Mode"},"sceneLighting":true,"audioPlay":false,"sceneViewState":{"showFog":true,"showMaterialUpdate":false,"showSkybox":true,"showFlares":true,"showImageEffects":true,"showParticleSystems":true},"in2DMode":false,"pivot":{"x":1.1879150867462159,"y":-0.73233962059021,"z":-0.8861327171325684},"rotation":{"x":-0.2848985493183136,"y":-0.12123015522956848,"z":0.03635149821639061,"w":-0.9501714110374451},"size":3.061246871948242,"orthographic":false}