{"cameraMode":{"drawMode":0,"name":"Shaded","section":"Shading Mode"},"sceneLighting":true,"audioPlay":false,"sceneViewState":{"showFog":true,"showMaterialUpdate":false,"showSkybox":true,"showFlares":true,"showImageEffects":true,"showParticleSystems":true},"in2DMode":false,"pivot":{"x":71.89950561523438,"y":149.90182495117188,"z":28.275009155273439},"rotation":{"x":-0.3204548954963684,"y":0.53212970495224,"z":-0.22737343609333039,"w":-0.7499685883522034},"size":245.10203552246095,"orthographic":true}