{"cameraMode":{"drawMode":0,"name":"Shaded","section":"Shading Mode"},"sceneLighting":true,"audioPlay":false,"sceneViewState":{"showFog":true,"showMaterialUpdate":false,"showSkybox":true,"showFlares":true,"showImageEffects":true,"showParticleSystems":true},"in2DMode":false,"pivot":{"x":-35.2462272644043,"y":-1.9152915477752686,"z":-74.3983383178711},"rotation":{"x":0.0012465334730222822,"y":0.9980164170265198,"z":-0.020961428061127664,"w":0.05934998020529747},"size":68.28062438964844,"orthographic":false}