{"cameraMode":{"drawMode":0,"name":"Shaded","section":"Shading Mode"},"sceneLighting":true,"audioPlay":false,"sceneViewState":{"showFog":true,"showMaterialUpdate":false,"showSkybox":true,"showFlares":true,"showImageEffects":true,"showParticleSystems":true},"in2DMode":false,"pivot":{"x":-11.81831169128418,"y":-4.26239013671875,"z":15.286903381347657},"rotation":{"x":-0.6169047355651856,"y":-0.0030715845059603454,"z":0.0024076560512185098,"w":-0.7870288491249085},"size":187.0637969970703,"orthographic":true}