{"cameraMode":{"drawMode":0,"name":"Shaded","section":"Shading Mode"},"sceneLighting":true,"audioPlay":false,"sceneViewState":{"showFog":true,"showMaterialUpdate":false,"showSkybox":true,"showFlares":true,"showImageEffects":true,"showParticleSystems":true},"in2DMode":false,"pivot":{"x":-10.635126113891602,"y":0.299557089805603,"z":-71.55502319335938},"rotation":{"x":0.0012465334730222822,"y":0.9980164170265198,"z":-0.020961428061127664,"w":0.05934998020529747},"size":1.877502202987671,"orthographic":false}